Channel,Peak viewers,Followers gained,Views gained,Language,T
xQcOW,222720,1734810,93036735,English,449
summit1g,310998,1370184,89705964,English,376
Gaules,387315,1023779,102611607,Portuguese,778
ESL_CSGO,300575,703986,106546942,English,977
Tfue,285644,2068424,78998587,English,748
Asmongold,263720,554201,61715781,English,465
NICKMERCS,115633,1089824,46084211,English,970
Fextralife,68795,425468,670137548,English,621
loltyler1,89387,951730,51349926,English,762
Anomaly,125408,1532689,36350662,English,424
TimTheTatman,142067,1244341,50119786,English,932
LIRIK,89170,199077,50504526,English,719
Riot Games (riotgames),639375,497678,56855694,English,805
Rubius,240096,3820532,58599449,Spanish,824
auronplay,170115,3966525,41514854,Spanish,439
MontanaBlack88,181600,1101093,37189666,German,128
sodapoppin,107833,236169,39334821,English,50
풍월량 (hanryang1125),26999,92205,34405975,Korean,934
alanzoka,89153,1325075,46515698,Portuguese,90
CohhCarnage,43615,124242,38718674,English,702
Lord_Kebun,34830,137215,19645967,English,85
LCK_Korea,140557,255088,76225485,Korean,626
Castro_1021,125133,550678,22672980,English,315
DrDisrespect,97540,825004,43919410,English,395
TheRealKnossi,288459,1082039,25342894,German,990
TheGrefg,538444,3593081,47094362,Spanish,977
YoDa,123796,383130,38499423,Portuguese,207
Pestily,168112,520342,24029726,English,642
한동숙 (handongsuk),44976,73602,30610352,Korean,219
GamesDoneQuick,234826,113469,43345080,English,309
Solary,24470,143569,48799554,French,469
Gotaga,81644,632118,39591707,French,330
MOONMOON,24892,95776,13505898,English,215
DrLupo,90696,567795,47295386,English,76
OgamingLoL,204491,115965,71583995,French,677
Myth,122552,1421811,37384058,English,176
Evelone192,106900,826433,47400543,Russian,777
nl_Kripp,29316,96793,20034033,English,214
LEC,305119,551345,25924096,English,54
dota2mc_ru,182869,156721,38774178,Russian,423
Fresh,57431,1875187,25341820,English,333
LCS,214124,526244,28313058,English,943
ROSHTEIN,45843,242369,17836875,English,302
ibai,173238,1602088,44178173,Spanish,3
TFBlade,35833,450146,35978104,English,936
Sardoche,144066,370358,32261961,French,879
LCK,171861,307853,28970100,English,690
Yassuo,70587,689957,32362117,English,120
HasanAbi,44649,340810,14154952,English,795
BeyondTheSummit,116547,114948,42403593,English,718
Dota2RuHub,105359,126221,43831479,Russian,78
Bugha,66311,2220765,49441744,English,735
RocketLeague,206681,412101,57189129,English,828
csgomc_ru,364816,447601,42952835,Russian,770
Clix,81926,1687923,33286370,English,775
Gorgc,56449,136943,20882507,English,778
서새봄냥 (saddummy),25482,97615,30550147,Korean,628
NoWay4u_Sir,24286,108832,23037239,German,164
RiotGamesBrazil,255542,325801,33796768,Portuguese,926
JLTomy,42079,277529,13890640,French,241
SolaryFortnite,46710,447191,26737542,French,504
ONSCREEN,88516,669348,22820310,English,887
AdmiralBahroo,21053,72454,12853095,English,443
Quin69,36742,87860,19512632,English,344
Trymacs,50957,582089,21254933,German,117
dasMEHDI,47683,76568,7422911,English,241
sneakylol,22759,183911,17820367,English,730
NickEh30,85073,1445590,39439261,English,852
fps_shaka,26572,128907,21331882,Japanese,148
LVPes,233009,158934,51523747,Spanish,4
Vader,16289,57681,11535871,English,646
forsen,33966,164792,18534278,English,410
Papaplatte,42230,552959,23472239,German,728
StarLadder_cs_en,329195,260993,29821162,English,443
Symfuhny,45671,704327,18756705,English,800
DreamHackCS,212201,275934,28759226,English,174
Mizkif,32671,365303,13585178,English,967
Rainbow6,135471,428942,16786627,English,734
stylishnoob4,25263,124038,20638084,Japanese,526
Maximilian_DOOD,43253,133195,15517436,English,789
Trainwreckstv,49379,379973,12449595,English,959
dota2ti,483530,121422,16228039,English,662
GRONKH,100330,192000,16800930,German,613
SypherPK,130401,1118169,26996445,English,856
ZeratoR,262273,240442,31456198,French,937
SilverName,29927,108466,27464678,Russian,426
Sacriel,66781,136341,60194490,English,454
dakotaz,43397,489250,18504106,English,64
Stray228,36971,197486,23738903,Russian,427
AdmiralBulldog,16681,66513,17095676,English,468
pokimane,112160,2085831,45579002,English,196
lestream,47638,124020,25815105,French,630
ybicanoooobov,17036,101937,16237397,Russian,525
Method,148350,132108,22813009,English,422
Nightblue3,17738,175130,19181711,English,892
EsfandTV,29597,216021,24144005,English,597
shroud,471281,833587,30621257,English,660
NOBRU,132224,1400039,6781403,Portuguese,536
buster,97838,1052053,37351933,Russian,795
Scarra,27421,333090,15626904,English,812
Baiano,107069,363343,19412227,Portuguese,120
괴물쥐123 (tmxk319),71933,367486,17151766,Korean,247
WePlayEsport_RU,115737,243137,28789066,Russian,775
elded,44758,1108422,14789437,Spanish,862
LPL,146577,280538,31029241,English,159
juansguarnizo,45631,946280,12708431,Spanish,408
Rakin,51854,517248,24523589,Portuguese,451
SolaryHS,17513,35986,10445269,French,39
Cellbit,68813,547018,18105470,Portuguese,458
dota2ti_ru,457060,108438,12068376,Russian,913
uzra,14181,29752,20715640,Chinese,144
OverwatchLeague,254493,83198,27099682,English,664
Thijs,24923,68557,15548337,English,234
Swagg,74199,723082,7527027,English,271
TeePee,78741,238257,17102146,English,474
LVNDMARK,96236,244295,8815201,English,236
Agraelus,23555,132125,20334558,Czech,722
BLASTPremier,113167,315910,21104122,English,564
cloakzy,40497,558107,14533643,English,776
aceu,26141,763489,15894732,English,102
蝦愛橘子 (shuteye_orange),7441,29549,18572922,Chinese,239
Elraenn,65543,672978,20881140,Turkish,316
Elajjaz,13080,37883,12800182,English,604
CDNThe3rd,55752,167704,15136396,English,880
POW3Rtv,69009,495072,23271722,Italian,537
IzakOOO,43050,286467,23586902,Polish,585
DreadzTV,35865,57448,32228705,Russian,921
따효니 (ddahyoni),17253,46946,15586820,Korean,557
WePlayEsport_EN,87751,137229,17857171,English,801
ElmiilloR,45726,189847,20714971,Spanish,151
Squeezie,158972,875678,21128175,French,590
allkeyshop_tv,6075,26937,55639770,English,424
Domingo,102022,276400,23040428,French,90
PlayHearthstone,43877,39065,28719610,English,689
ESL_DOTA2,99858,91323,14784068,English,14
Kitboga,20913,331906,8392545,English,898
DansGaming,33646,29415,13757678,English,516
老皮 (mobilmobil),16497,34362,20520762,Chinese,750
Destiny,24101,115692,8579344,English,185
우왁굳 (woowakgood),14177,207575,18626351,Korean,219
RATIRL,14480,249048,14109245,English,713
bratishkinoff,56790,389268,25254350,Russian,332
Yogscast,54885,127684,20999649,English,425
앰비션_ (lol_ambition),57254,108498,17248420,Korean,522
jukes,24263,353576,19915875,Portuguese,22
木棉花官方頻道 (muse_tw),16702,120954,13670649,Chinese,862
Shlorox,13945,77979,13181386,German,861
coscu,80444,1061265,19438119,Spanish,201
dogdog,24727,50345,12089717,English,193
chocoTaco,30514,250201,17922897,English,231
Locklear,50103,469017,17854413,French,891
餐餐自由配 (blusewilly_retry),17585,42764,18366224,Chinese,273
Amouranth,13495,532750,48015117,English,339
UberHaxorNova,7808,65267,7518457,English,781
Sfory,75219,450299,12391816,Russian,325
Giantwaffle,36340,15334,10831070,English,824
ZanoXVII,30648,322929,6034891,Italian,685
침착맨 (zilioner),43164,121506,18265409,Korean,133
SkipNhOLIVE,7940,271487,6544645,Portuguese,599
Kamet0,70983,221911,14071951,French,618
MYM_ALKAPONE,26221,153803,7831334,Spanish,816
김진우 (jinu6734),12810,90213,9977487,Korean,337
imaqtpie,26087,50312,13182700,English,929
x2Twins,31874,1035561,15264996,English,119
C_a_k_e,17317,45957,18161823,Russian,733
SmiteGame,33245,73678,8305604,English,979
RatedEpicz,11860,74221,7251200,English,995
wtcN,73861,566210,25333548,Turkish,57
Anton,137531,128050,6176254,English,901
benjyfishy,75491,1455278,20411553,English,527
StarLadder5,189859,104382,21525216,Russian,982
Reborn_Live,57849,682512,9965787,Spanish,210
CasinoDaddy,6524,42680,7493491,English,139
H2P_Gucio,10011,78264,13401489,Polish,171
Xayoo_,23935,215098,12984472,Polish,130
Jinnytty,15190,213291,15165872,English,178
KendineMuzisyen,43422,486410,17629667,Turkish,242
Jahrein,43683,247212,18410268,Turkish,864
Mathil1,25866,66982,13159849,English,6
Greekgodx,45741,403108,12441822,English,564
Brunenger,64308,649562,12736000,Spanish,53
ClassyBeef,33624,88671,6626543,English,698
Diegosaurs,32463,270255,9851921,English,887
BobRoss,11659,216326,7491995,English,577
Nick28T,15155,78054,6777975,English,910
녹두로 (nokduro),15858,95603,9518923,Korean,142
GMHikaru,46106,425023,20086431,English,3
SkipNhO,23408,281967,13901197,Portuguese,460
jovirone,29272,300545,17980307,Portuguese,173
Chap,22571,273926,13683195,English,663
김도 (kimdoe),11759,10062,14188002,Korean,468
RebirthzTV,14578,76546,8434367,Thai,279
Klean,101124,154466,7844435,English,215
接接 (godjj),12461,19325,20264128,Chinese,882
Gladd,54477,157424,9290817,English,192
CSRuHub,106003,121099,23271913,Russian,255
CriticalRole,110800,237069,7827030,English,2
Vinesauce,19065,80616,5560969,English,59
울프 (lol_woolf),73800,141297,9294132,Korean,444
Mithrain,40183,371005,24222810,Turkish,782
EWROON,21341,232079,13289271,Polish,49
ludwig,60346,505089,8508355,English,698
RduLIVE,11854,62490,7653194,English,695
Hiko,41644,479830,11106951,English,893
FENGRUSH,16128,23288,44675247,English,768
Chess,83666,181232,84500786,English,106
72hrs,30702,315190,12051692,English,293
TwitchRivals,109148,644684,71159574,English,492
狂暴小建 (a541021),8337,18023,18201933,Chinese,583
hashinshin,12540,159892,11386166,English,354
JoshOG,85051,120782,20688501,English,354
B0aty,22375,49577,8448691,English,803
AustinShow,72199,378656,11648873,English,657
39daph,12648,470589,8983449,English,608
scump,79976,275270,8661072,English,119
플러리 (flurry1989),12084,51935,10969148,Korean,491
Kyle,9339,60506,5692219,English,753
SummonersInnLive,110095,46779,13724263,German,289
Aydan,51268,425036,11009240,English,709
Faker,56325,750480,26508938,Korean,166
Mongraal,89706,1454481,19515587,English,154
탬탬버린 (2chamcham2),16243,144698,13076008,Korean,629
EmadGG,67732,623391,9556065,English,158
쌍베 (pacific8815),20936,54326,14452008,Korean,469
FolagorLives,57813,417899,9640983,Spanish,240
lilypichu,33075,657630,14729189,English,332
mistermv,39961,150486,12959273,French,632
Bonjwa,11063,20250,14247514,German,21
KingGeorge,12621,250434,6445996,English,347
KingRichard,17327,109795,9570639,English,926
melharucos,13825,59167,17845821,Russian,815
INSCOPE21TV,51244,491663,10630158,German,180
JohnPitterTV,4148,211365,19054606,Portuguese,231
Zizaran,20745,47149,16917944,English,797
imls,32758,177673,8610645,English,998
TSM_ImperialHal,23107,287810,8907366,English,403
악어 (jdm2088),65622,132821,5377506,Korean,262
Ramee,10845,74094,6606894,English,288
Towelliee,15495,21398,17009119,English,344
SPYGEA,17228,92067,10569192,Japanese,800
FollowGrubby,15296,46282,12249560,English,604
Amar,45549,281928,11787544,German,838
mch_AGG,11191,124548,11142208,Portuguese,949
IWillDominate,23813,79514,8695968,English,706
Nadeshot,40327,428800,7844647,English,745
buddha,11971,24901,6326808,English,296
Deadlyslob,104568,130944,6321235,English,315
懶貓 (failverde),14610,29861,13001718,Chinese,845
嬌兔 (zrush),10628,49296,13297850,Chinese,765
HoneyMad,21369,74407,14755893,Russian,174
ESAMarathon,22132,35038,32500708,English,74
Nmplol,24687,130564,8859183,English,89
relaxing234,19194,88247,12225523,Chinese,718
Doigby,93577,611786,11805401,French,559
Sequisha,19755,86220,7404102,English,951
HusKerrs,39433,288952,6298662,English,122
얍얍 (yapyap30),36933,26768,9798569,Korean,1000
Elwind,18270,200170,14369324,Turkish,828
Shiphtur,19688,58604,7906425,English,375
BarbarousKing,13419,42931,4822422,English,755
alexelcapo,74670,211908,13364167,Spanish,544
moistcr1tikal,42135,724159,7780736,English,76
Rush,15405,120906,7575905,English,986
LosPollosTV,54323,138468,6201733,English,181
DreamLeague,147514,61032,7424007,English,207
Voyboy,21187,139443,8151140,English,525
BastiGHG,10455,236118,8093220,German,642
DatModz,14288,36757,9812812,English,392
dafran,19611,142689,7944645,English,203
yeTz,21212,281059,10731565,Portuguese,490
Aurateur,15547,26782,4368785,English,238
pokelawls,22496,182123,5999354,English,276
ziGueira,36519,212042,7967420,Portuguese,890
A_Seagull,28779,55228,7374161,English,382
koil,13421,50231,7743238,English,20
PAGO3,20284,150470,12693893,Polish,510
Llobeti4,37469,606080,9957496,Spanish,753
殺梗 (xargon0731),8406,16999,17013239,Chinese,10
itsHafu,34345,36756,10008765,English,608
shongxbong,94869,671127,4198232,Arabic,183
StaysafeTV,15608,73218,7427189,English,871
Loeya,7955,337821,19024045,English,914
RiotGamesJP,60682,36105,9101692,Japanese,768
btssmash,94083,81658,6933788,English,119
PietSmiet,39004,122061,11483357,German,417
Payo,12274,112595,11672019,English,200
Shotz,10316,48388,5464553,English,464
실프_ (silphtv),9401,87400,7215989,Korean,930
m0xyy,25387,269311,6207063,English,1000
LexVeldhuis,58416,66680,14339774,English,560
NateHill,41610,449635,14221498,English,542
Shaunz,20861,84393,10605782,French,60
Emongg,21922,156093,5794763,English,314
fl0m,19318,183265,11489901,English,904
AsmodaiTV,11751,30588,6547592,English,696
Homyatol,26274,249186,6981248,Italian,276
Grimmmz,21993,37734,7803917,English,355
aXtLOL,25340,193266,8969210,Portuguese,178
boyMinORu,22141,73551,17822170,Thai,247
just_ns,37023,66811,12351240,Russian,488
BurkeBlack,4922,13471,5367772,English,123
Trick2g,28917,115863,8688676,English,738
FORMAL,16518,176173,4803076,English,680
Fortnite,169084,1163448,21509520,English,431
Magic,114234,50355,18694298,Spanish,465
Xari,28830,147894,5746209,French,510
RocketBeansTV,5223,27024,5973152,German,939
ANGRYPUG,9822,48331,4962556,English,979
MarcaoRX,5210,65904,4541683,Portuguese,521
yamatonjp,8247,67794,10882318,Japanese,422
btscsgo,74949,166599,9173781,English,108
Skyyart,32577,239491,8203617,French,138
gratis150ml,9601,129328,12187175,Portuguese,179
ShivFPS,7216,174213,6900666,English,90
Ponce,23255,196880,13687141,French,460
Distortion2,11495,44982,5500067,English,322
boxbox,25314,145809,9971842,English,659
강지 (rkdwl12),29993,270927,12873339,Korean,306
TheKAIRI78,47081,650990,5134322,French,384
RiotGamesRU,73049,75538,6832561,Russian,709
FPSThailand,38563,74894,18596656,Thai,863
김나성 (naseongkim),7628,20536,8471746,Korean,850
오킹 (obm1025),19328,244442,8920133,Korean,176
singsing,11839,45761,6526670,English,849
BlackUFA,10349,34803,12888906,Russian,344
QuattroAce,48810,136490,7245324,Russian,322
bateson87,20204,254821,16648694,English,445
Staiy,15429,90591,5503882,German,127
polsatgames,66706,74586,16290334,Polish,255
NymN,23488,111122,4409296,English,56
orangemorange,18387,85861,9889442,German,686
MinosTV_,24576,192534,5554989,French,715
NairoMK,22074,69474,6132895,English,636
철면수심 (109ace),12180,35165,7631326,Korean,660
UnknownxArmy,41700,836664,11325781,English,740
s1mple,34971,740732,20277843,English,255
bysTaXx,259210,795296,10207313,Spanish,19
Sjow,8140,21662,3365340,English,851
hardgamechannel,27529,256678,10562872,Russian,810
scoped,47343,728892,8279834,English,660
VooDooSh,7560,66129,9003037,Russian,846
WELOVEGAMES,27956,49713,23682775,Russian,633
StereOnline,4227,91352,4620985,Portuguese,616
keanelol,7208,85035,4068823,English,974
살인마협회장 (sal_gu),16252,45255,6226900,Korean,654
sips_,7872,84034,4331397,English,847
ESL_CSGOb,89949,183662,13742820,English,18
kyo1984123,5967,12731,12070678,Chinese,25
midbeast,16153,143256,10000927,English,221
Alexby11,53526,1145810,8378248,Spanish,315
Tumblurr,17165,236441,4008897,Italian,187
Veritas,103833,131913,4176079,English,497
daltoosh,16445,163486,3665065,English,321
ELoTRiX,31194,318247,5587147,German,971
TSM_Viss,18844,101135,7091125,English,141
Anthony_Kongphan,49085,44534,6805829,English,885
modestal,25985,193939,11440074,Russian,542
소풍왔니 (yumyumyu77),24521,46911,13030325,Korean,255
XEWER,17100,215059,6449741,French,924
blxckoutz,18483,402587,8381945,Portuguese,409
EASPORTSFIFA,106126,427684,11286667,English,253
ALOHADANCETV,18317,92209,12461610,Russian,236
연두는말안드뤄 (rudbeckia7),7111,24606,9675073,Korean,191
Flashpoint,77708,93120,27828448,English,437
Steelmage,10815,37839,7005761,English,976
RoyalPhunk,12141,34597,4921311,German,798
Overpow,10858,29344,9020762,Polish,418
NeVeR_LosEs,9671,23806,10608507,Chinese,603
AvoidingThePuddle,13108,67040,4202354,English,202
Ko0416,5448,12127,11705657,Chinese,653
Dota2ruhub2,54508,71813,13417924,Russian,497
Slushpuppy,118125,85852,5065635,English,274
itmeJP,24603,6134,10677522,English,232
JesusAVGN,43859,181914,13548535,Russian,368
tarzaned,14602,172683,7744943,English,672
Mickalow,37872,260914,8191116,French,569
UNLOSTV,128345,571237,11452750,Turkish,881
resttpowered,9248,37681,8585834,Slovak,495
Felps,15553,284169,6099521,Portuguese,535
Doublelift,52584,166536,7617972,English,157
쉐리 (kss7749),12295,19597,7546887,Korean,789
Kiwo,10836,38195,4900030,English,490
adolfz,15928,154653,2743587,Portuguese,584
LigaPro1,11533,29434,60922719,Other,604
knekro,13731,97206,10900480,Spanish,453
Savjz,12708,13967,4072337,English,77
BobbyPoffGaming,6453,81131,2208405,English,241
The_Happy_Hob,8560,38712,4158704,English,453
Smurfdomuca,18282,251923,5976634,Portuguese,570
Timmac,13500,32867,4232938,English,281
Nikolarn,30044,214216,3964166,English,443
소우릎 (so_urf),9665,44040,8120712,Korean,831
RiffTrax,24765,17200,3313465,English,497
pimpimenta,20855,254312,12258152,Portuguese,464
FACEIT TV (faceittv),145470,23166,17259602,English,706
crokeyz,5916,36715,3476636,English,576
Letshe,28808,687813,11561585,English,361
SaltyBet,3467,69465,4509671,English,287
소니쇼 (sonycast_),7998,54706,10802748,Korean,271
HGmony,21999,32326,90310969,Russian,40
jakenbakeLIVE,23432,116554,7920696,English,347
Syndicate,22845,282047,13227099,English,694
RakanooLive,22607,471456,3836302,Arabic,780
공혁준 (rhdgurwns),40001,67061,12487303,Korean,477
limit_maximum,124818,70116,5965543,English,936
ElRichMC,95938,431071,8120275,Spanish,803
guit88man,7681,25130,8666012,Russian,475
RaizQT,15185,31194,5190502,English,755
ReventXz,47282,219868,8050871,Spanish,328
PatoPapao,11694,116753,8955254,Portuguese,851
Replays,16193,449727,5185473,English,843
cdewx,23448,50596,8015709,English,130
亞洲統神 (asiagodtonegg3be0),18594,22853,11106574,Chinese,144
BotezLive,36278,280964,12851602,English,375
Conterstine,18090,375789,5308302,Spanish,732
BeyondTheSummit_PT,49496,60955,9694977,Portuguese,502
AlphaCast,28898,152951,8864009,French,642
DownToQuest,20723,53724,3524088,English,4
똘똘똘이_ (jungtaejune),6787,15713,8660860,Korean,946
PENTA,7172,40474,2786097,English,416
thedarkness,7440,138160,7628946,Portuguese,627
uhSnow,8375,43869,3334788,English,630
JERICHO,21935,66665,7582522,English,926
T90Official,51422,69044,6886631,English,887
DanucD,4439,223147,12048648,English,700
DisguisedToast,38169,192604,5928269,English,682
DesertHeartsRecords,24264,84304,58418224,English,671
Jankos,18826,271355,9284513,English,740
GarenaTW,85416,21388,7818029,Chinese,535
개복어 (dogswellfish),10929,37690,10626908,Korean,306
Sykkuno,29658,305734,5285377,English,991
JokerdTV,319862,157656,9070954,English,446
A1taOda,11974,67361,10306828,Russian,594
livekiss,7435,2447,1641644,Chinese,569
Jerma985,15921,92752,3411872,English,839
KamoLRF,19264,184854,5731570,German,45
GoldGlove,22448,23684,16902968,English,281
harbleu,13230,112349,3527460,English,622
runthefutmarket,20746,146753,4266359,English,120
웁_게임방송 (alenenwooptv),4290,22295,5390604,Korean,906
KarmikKoala,10587,71165,8619663,Russian,773
JustCooman,10776,89413,7809170,Russian,744
IamCristinini,7943,218848,12690137,Spanish,202
Xop0,4074,50725,18709302,Russian,821
Warframe,346131,282680,5405191,English,188
Smoke,25500,53212,2955403,English,751
Moondye7,22231,39732,6839587,German,389
jean_mago,11418,269837,7609872,Portuguese,10
mL7support,9038,140872,5387428,English,581
KriszhAdvice,28709,97984,6927865,Hungarian,962
QuickyBaby,11077,45998,5642381,English,737
aDrive,14637,117274,3858228,English,354
Ampeterby7,43882,1185647,6513197,Spanish,245
KabajiOW,13865,87338,4098475,English,947
SNEUX,30067,155555,4540889,Spanish,376
TrU3Ta1ent,10901,101235,6614948,English,891
OgamingSC2,11457,11075,15776556,French,374
머독 (ajehr),11117,86655,5623906,Korean,813
cyr,19267,49771,4106827,English,199
MrSavage,31525,734583,9931629,English,845
Perxitaa,55418,669977,7036771,Spanish,310
IlloJuan,24315,178705,5676686,Spanish,357
masondota2,8377,39906,3406472,English,669
Annoying,17361,158587,1799471,English,459
고차비 (kumikomii),5227,62122,5979126,Korean,764
Manyrin,17140,146381,11128490,Russian,253
1DrakoNz,15242,252999,6950267,Portuguese,652
Pace22,10350,112723,3080537,English,167
Rammus53,16370,332303,11041262,Turkish,471
SaltyTeemo,1803,36103,2117741,English,719
Odablock,29397,92477,4228405,English,356
MckyTV,49791,256660,9947455,German,434
Calebhart42,6763,13410,2533119,English,896
MacieJay,7318,195140,5353692,English,49
R6esportsBR,60386,98848,5855733,Portuguese,80
chistor_,7099,30354,5658271,Russian,934
Kephrii,8709,102990,5923710,English,855
FEDMYSTER,35011,284967,5176805,English,901
Gosu,16362,185952,9377658,English,397
supertf,9118,139939,3551440,English,237
MoMaN,16550,120693,8390437,French,681
Kotton,58818,80920,4459178,English,53
saintvicious,5370,44436,3133396,English,334
winstrike_tv,153252,148055,8767404,Russian,891
pijack11,8181,144993,6752832,Portuguese,618
pqueen,11976,328149,8544093,Turkish,969
Northernlion,9312,22629,3384340,English,46
Nattank,8770,67207,8232442,Portuguese,947
bmkibler,15034,23971,5087052,English,147
Arteezy,31009,99726,3776042,English,354
선바 (sunbaking),8260,98720,3298202,Korean,57
flamuu,5242,36301,3225407,English,232
Mixwell,23552,271798,6539837,Spanish,921
AntoineDanielLive,16671,272263,6778234,French,490
G4G_REVENANT,14376,69353,6608568,Spanish,506
maxim,21262,129119,5439874,German,929
양띵 (yd0821),38412,56233,1901665,Korean,324
c9judite,8210,84754,7982996,Portuguese,976
WOKE,50598,105725,3460437,English,522
Amaz,12652,-5405,4237993,English,856
ESL_SC2,40072,36130,5674624,English,271
CooLifeGame,15459,167356,5764214,Spanish,641
BruceGrannec,11287,95268,5973378,French,896
CuteDog_,7016,22074,3489772,English,336
大丸 (wtf_winds123),11975,32952,9883708,Chinese,18
theRealShooKon3,6148,37207,2944974,English,807
Albralelie,18730,216977,5392597,English,315
룩삼 (looksam),32222,14351,7901792,Korean,434
GTimeTV,14110,155419,5838039,German,27
WagamamaTV,7377,20933,3880798,English,162
sleepy,8855,254462,3295029,English,813
FifaTargrean,6721,66121,7798628,Thai,570
GrandPOObear,13295,44926,3877237,English,696
Pun1shers_TV,6289,51159,4148542,Greek,403
gamelifeow,37939,169229,8373012,Russian,465
Sh4dowehhh,11788,70619,6477747,Russian,468
LuluLuvely,10110,360592,6019198,English,899
Swifty,19884,71011,8647522,English,839
Mibrtv,151094,242229,6671227,Portuguese,149
PsheroTV,10739,59927,5384623,English,407
bytarifaaa,121009,629175,3651549,Spanish,621
Alderiate,11480,80730,5471250,French,994
Solaaaa,16718,107558,5135340,German,659
Strippin,9127,19904,3115313,English,63
Mendo,25321,176007,5487693,English,11
Pikabooirl,21309,78399,5574448,English,118
Skadoodle,30357,219104,5373229,English,962
MasterSnakou,12948,73137,6565757,French,33
루시아 (lucia94),8886,37026,5801449,Korean,291
Otzdarva,14940,146762,3176930,English,398
꽃핀 (cherrypach),10985,90457,6606649,Korean,944
Opat04,9497,109720,6632006,Czech,974
icebergdoto,16441,84551,6944929,Russian,274
P4wnyhof,7196,6719,6891131,German,518
Mazarin1k,9605,68292,9980766,Czech,72
김뚜띠_ (kimdduddi),7244,67954,3549865,Korean,246
옥냥이 (rooftopcat99),8794,59213,5969221,Korean,51
KingGothalion,41994,44907,3349456,English,186
ItsSlikeR,12762,154360,5243404,English,827
Alinity,17341,255987,13908506,English,878
TidesofTime,12457,27110,2240586,English,754
GernaderJake,21162,70693,8847646,English,270
スタンミ (sutanmi),7854,16505,3473483,Japanese,965
DarioMocciaTwitch,8160,96707,4356099,Italian,395
bebe872,4965,51251,2383295,English,533
Lasqa,10010,25351,5298356,Russian,603
六希夫 (qttsix),9671,23620,8174656,Chinese,819
Flight23white,74388,704583,2016920,English,498
Heelmike,18963,208795,3406743,English,421
OGADotaPIT,60846,48664,8333671,English,534
SoloRenektonOnly,5118,74554,4581141,English,389
OfficialAndyPyro,9676,29422,10284627,Finnish,732
k3soju,7504,70939,2609837,English,680
SkyrrozTV,17061,216436,6233611,French,856
LeBouseuh,24497,351530,4545514,French,871
BikeMan,7223,11101,3531376,English,353
Rubini,5521,43426,7976244,Portuguese,457
JLWaliid,19603,246417,4345817,French,295
qSnake,5441,37641,6296155,Russian,22
Criken,11050,32753,3593487,English,396
Loserfruit,42374,790345,10477877,English,899
Broxah,13137,209200,5351294,English,892
JonVlogs,21617,261559,3260166,Portuguese,65
ImSoFresh,5788,36095,3673955,French,50
BeBePtv,14353,24674,63847323,Russian,720
TrilluXe,27943,95629,7212835,German,194
landonorris,97550,457635,12694726,English,857
LotharHS,14561,136198,6742783,Polish,206
ElcanaldeJoaco,48072,758797,4893535,Spanish,29
CzechCloud,8212,111145,9000160,Czech,345
chess24,32856,49745,20337169,English,211
TheNo1Alex,8554,30883,7225371,English,622
Crystal_LoL,7471,98846,5571500,Turkish,266
WeAreTheVR,20851,85526,9512134,Hungarian,817
AdzTV,11247,167548,4236933,French,286
IrmanPlay,17697,232876,3312084,Russian,594
Tomato,5358,36010,2200922,English,358
쫀득이_ (pjs9073),15654,115990,5979215,Korean,529
runitup247,1182,30397,2424188,English,498
NeZaK_,7262,207722,3017013,Italian,118
피닉스박1 (xkwhd),9938,50675,4794915,Korean,922
skill4ltu,4049,46398,4548052,English,444
ilMasseo,8980,436741,4364008,Italian,826
Worrun_,41881,103762,3425022,English,424
brax,28736,282648,4449212,English,991
rewinside,24167,372220,5349508,German,587
금사향 (sah_yang),7143,108366,7584329,Korean,850
HAchubby,13675,159519,5075885,English,539
Recrent,6781,120204,8936320,Russian,202
iLame,4911,66490,9831952,Russian,684
ixxYjYxxi,15223,409932,2378245,Arabic,384
Wingsofdeath,7176,6267,2534023,English,320
mang0,24391,53694,3077795,English,178
Kamikatze,8509,36955,4997073,German,260
Philza,24611,292543,5158370,English,834
Kurumx,16413,49439,2485867,English,399
Pieface23,14072,127444,2037389,English,656
CurtisRyan,7245,33141,3760730,English,256
CalebDMTG,5446,9005,1563033,English,704
MarkiLokurasY,26329,417223,7000112,Spanish,583
JLBichouu,16461,150452,4001304,French,697
나나양 (nanayango3o),6411,63332,4789098,Korean,11
DavyJones,44526,454965,10940319,Portuguese,920
Fairlight_Excalibur,19156,5162,1645770,English,316
PG_Esports,24734,41935,16923320,Italian,799
StreamerHouse,12609,10659,2800864,English,251
Peereira7,14532,361206,6222094,Spanish,802
Twitch,130795,223168,46395022,English,964
Sev7n,31836,225963,7453572,Portuguese,268
Wardiii,9459,31905,3970743,English,715
자동 (tranth),5451,11733,5114165,Korean,415
Kubon_,9545,25721,6142647,Polish,365
KarasMai,6728,139915,3975842,English,775
Sloot,21283,23506,4415937,English,322
LPMassive,18813,22874,2409670,German,375
羅傑 (roger9527),12707,22369,4197860,Chinese,17
ChicaLive,14928,631422,2776587,English,366
도현_ (d_obby),16860,153300,5913454,Korean,344
Valkia,23519,146451,8091070,English,471
caps,26754,270611,6373471,English,535
龜狗 (gueigotv),9918,25466,6005834,Chinese,394
Alfie,15588,33462,3380440,English,75
NiceWigg,13013,111498,2871081,English,816
zEkO,21313,370683,5338943,Spanish,779
x6FlipiN,19304,186655,6462906,Spanish,666
JASONR,33902,136800,6183865,English,411
Dhalucard,22306,97678,7444967,German,501
duckmanzch,14684,75228,9240202,Thai,937
MrBboy45,9408,57504,6445684,French,651
인간젤리 (ses836),7683,29332,5099767,Korean,59
AladdinTV,4279,45168,4298260,German,78
miniminter,27188,588461,16598800,English,438
ClintStevens,15223,102753,2303521,English,664
NoctisAK47,7264,41176,6381664,Thai,766
Daxak,7721,64239,5857325,Russian,110
ThaldrinLol,11305,95126,7822019,Turkish,338
olyashaa,9142,138621,14210392,Russian,863
Jay3,9514,124100,3079327,English,293
SovietWomble,9616,214775,5846971,English,761
GodHunt,19032,30738,7464390,Russian,771
Everyeyeit,18421,42213,52155951,Italian,714
Speedrun,16604,51098,13863239,English,322
iamSometimes,23238,99162,4766495,Thai,58
Broeki1,13091,25995,4702541,German,514
hexy,14020,20006,2855592,English,615
Etoiles,45364,167386,6466352,French,284
xChocoBars,37216,107350,8679867,English,470
GN_GG,4859,14734,3333965,Russian,922
SheriffEli,5988,11832,2355559,English,605
iateyourpie,10962,7942,4878552,English,938
KYR_SP33DY,6607,66637,2451110,English,167
armateam,3181,8680,3569807,French,432
JeelTV,7302,276765,6668409,French,485
Pengu,7707,241309,5240516,English,987
태준이 (dlxowns45),10549,124060,5444952,Korean,102
gabepeixe,5955,25034,2795325,Portuguese,394
TSM_TheOddOne,4363,-15772,6370949,English,126
luke4316live,2757,36988,4795414,Italian,389
VGBootCamp,97791,24798,5491154,English,874
CapcomFighters,84858,20205,12878708,English,539
Datto,82047,89739,4566171,English,653
NeverSayYesTwitch,10771,176218,3381154,French,464
BeatportOfficial,48457,124653,36484452,English,963
포셔 (portialyn),4498,29698,2460689,Korean,767
케인 (kanetv8),10087,52606,7004305,Korean,144
Sanchovies,15588,145102,3924344,English,323
GhostFreak66,94791,89879,2471382,English,127
RTAinJapan,42822,44766,2700751,Japanese,753
WankilStudio,28866,274734,5141210,French,289
SLAKUN10,48358,1874846,5835029,Spanish,958
Monkeynews,72483,54112,4978021,English,415
forever,53702,360874,2863254,Portuguese,396
AlpTV,33059,257474,6685553,Turkish,468
Crocodyle_lol,8810,77142,3657348,French,895
WARDELL,16215,288200,5304936,English,419
Tiagovski555YT,11245,130719,5057048,Portuguese,737
Altair,3702,19448,2779740,French,627
NiteNightKid,29228,11998,1450208,English,614
fuslie,45247,116757,7152158,English,307
Tyceno,40407,250536,1623230,English,188
Faux,15167,29301,3248586,English,71
RiotGamesTurkish,36258,49244,9998277,Turkish,546
makataO,12292,137135,7336811,Russian,549
Drjayfisto,4092,41353,6201998,English,515
CarTmaNzbs,7809,65268,13183429,Russian,122
Th3Antonio,13955,87872,5222867,Spanish,6
BigEx,21401,138235,1947938,English,753
BigSpinCR,21815,81726,2995202,German,633
Maghla,16695,234216,6831650,French,282
Becca,11405,56356,4198030,English,717
SirhcEz,5928,34334,3081725,English,881
twlevewinsHS,5425,31257,1353428,English,127
코렛트 (collet11),6144,73181,5543661,Korean,272
Zombie_Barricades,4497,60031,2219053,English,621
NBA2KLeague,48495,42942,67586924,English,285
XBOCT,20110,78529,5635774,Russian,503
shtan_udachi,7220,22524,3970603,Russian,209
orslok,21759,269085,5048873,Spanish,751
BRNWOWZK1,6981,87295,5330221,Portuguese,548
HellYeahPlay,3946,31088,5014047,Russian,974
홍방장 (game2eye),5698,22221,5266599,Korean,764
grafo,7165,173024,5627155,Spanish,737
xTheSolutionTV,16093,103800,2778565,German,451
Igromania,6159,13710,115312954,Russian,263
Back2Warcraft,8309,21267,4016790,German,228
超負荷 (sam1268),11861,20433,5691145,Chinese,307
10000DAYS,11193,158473,10528149,Turkish,763
iProMx,8874,80190,1637792,French,325
짬타수아 (zzamtiger0310),6217,46791,6693148,Korean,541
GingiTV,6450,45047,5117439,English,163
venruki,13179,44449,7127552,English,35
Pimpeano,38592,665323,3744461,Spanish,797
MatteoHS,5827,221153,4537952,Italian,704
nugiyen,8448,22377,3448935,English,10
HighDistortion,20179,61126,5125402,English,124
LuquEt4,4958,45202,2807619,Portuguese,246
THump,8063,115028,2168664,English,405
MaTaFe_,8535,106957,4182011,English,102
rxnexus,6765,23213,5862326,Russian,220
VaporaDark,5041,22193,7610128,English,230
PaymoneyWubby,16622,126399,2668187,English,729
RTGameCrowd,20354,308499,3736356,English,236
다주 (dda_ju),9137,52071,3755880,Korean,169
Bawkbasoup,7853,27795,2313340,English,861
견자희 (wkgml),10656,150813,6013389,Korean,178
Werlyb,37980,146852,5349362,Spanish,839
TSM_Hamlinz,51989,126150,2268382,English,671
DougisRaw,22641,74509,2149900,English,204
Mmorpg,4994,19566,3055373,English,697
BreaK,9531,18289,3880016,English,486
berkriptepe,24573,281667,5508199,Turkish,655
Xposed,8580,147449,2220313,English,75
무굴 (moogrr1211),2008,10214,3006979,Korean,768
BoarControlHS,3622,39363,2852825,English,138
Dementardo,15476,465321,2419659,Spanish,340
CrReaM,8098,6207,1614843,English,358
Xiuder_,13675,298759,3022408,Italian,14
SmallAnt,11518,218287,2695198,English,206
Naowh,11693,48833,5069397,English,258
Tonton,9738,76656,3954958,French,252
逼比 (bebelolz),7592,26670,6966348,Chinese,341
踢虧 (takesipon),8103,11867,3983662,Chinese,945
Vargskelethor,6577,60041,2147906,English,933
핑맨 (95pingman),26738,97696,3424139,Korean,145
LobosJr,12709,27173,3970888,English,466
ZONY,7172,140806,3739750,Polish,631
Monstercat,14261,22331,4084222,English,93
k1ng,52558,614383,6210317,Spanish,723
DuelLinksMeta,5792,33306,6092699,English,503
Esports_Alliance,27040,55445,8254877,Thai,622
lolesportsla,37187,71514,5283711,Spanish,481
Vovo,7268,92033,3786059,Portuguese,112
goncho,18091,236558,6156791,Spanish,902
MenosTrece,7132,190155,5465173,Spanish,529
swimstrim,13314,62796,2964244,English,928
AnneMunition,37236,65910,10222790,English,787
Reverse2k,14160,155158,3906784,English,868
erobb221,10391,88737,2352357,English,634
voicetv,1874,1328,4001475,Thai,1
FFearFFul,116245,492841,2041776,Arabic,749
Cryaotic,7169,24644,2326058,English,956
Dmitry_Lixxx,26715,332931,8549523,Russian,401
Sweatcicle,14550,120954,2372907,English,613
tebtv,13639,59909,10310607,English,145
_연두부_ (lovelyyeon),4282,74892,5389852,Korean,968
pankylol,17394,166114,7887006,Turkish,629
Alkaizerx,12430,21706,3152805,English,34
hastad,10888,188163,4991368,Portuguese,425
미라지 (mirage720),30706,122225,5107789,Korean,314
Tanxlive,6899,40087,7067999,Thai,348
Rogue,7289,147217,2431075,English,702
easywithaces,18686,35096,3279762,English,781
BeyondTheSummit_PT2,126254,137968,4834852,Portuguese,747
CarritosKami,14634,67444,6694660,Spanish,640
dizzy,19262,122263,4572893,English,474
EAMaddenNFL,57179,72319,5152605,English,679
TobiasFate,4681,49134,5210466,English,278
PUBG,35922,78929,4783744,English,786
BananaSlamJamma,5152,23267,2546439,English,374
Dyrus,11338,111,3724340,English,864
Mushway,9611,233686,3178181,French,336
bazattak007,11217,322355,4835861,Spanish,91
IFrostBolt,6210,106749,2723926,English,917
Kandyland,9203,202294,11207571,English,493
감블러 (9ambler),11279,77889,3731059,Korean,102
Sco,15241,32463,10361325,English,478
ProfessorBroman,12676,22714,3579571,English,567
Paoloidolo,7659,57927,4585217,Italian,169
1PVCS,23081,31807,8056327,French,64
강퀴 (kangqui),10809,18133,3877756,Korean,682
AkTep,6300,51862,4273193,Russian,126
햇살살 (hatsalsal),3915,25730,5576914,Korean,161
PardonMyTake,141406,143806,3300371,English,321
Sweet_Anita,21594,510063,7927278,English,879
Draineo,7777,65702,175788,English,772
Cerbero_Podcast,19298,132867,4071398,Italian,764
cellinrj,7136,122045,3621969,Portuguese,747
SkyshockTV,6213,32991,3059244,Spanish,802
Evangelion0,8533,28322,3446723,Spanish,803
AnthonyZ,7416,23303,2812219,English,202
mokrivskyi,29983,304008,8255635,Russian,715
CaMaK,9437,7578,3019137,French,632
Uthenera,9460,99872,4832180,Turkish,725
Corobizar,11200,84933,4345590,French,60
roflgator,14329,46487,1449834,English,659
QuarterJade,12144,167202,3921702,English,478
kutcherlol,6802,36059,5070320,German,188
DieHahn,8048,44782,3418935,German,498
chowh1,8221,84231,4175567,French,726
cacho01,18552,250197,2516244,Spanish,858
natalan,9561,462674,2737155,Spanish,511
DreamHackDota2_RU,98717,30231,3637232,Russian,288
DuendePablo,10121,118567,4216188,Spanish,341
小夜夜 (albislol),3740,10939,4554443,Chinese,254
UCCleague,14003,46807,9915656,Russian,269
貝克 (slrabbit99),5944,2495,4838617,Chinese,219
Stewie2K,27416,289867,5771575,English,311
jorbs,4084,20603,1410877,English,636
BlackFIreIce,3044,6130,4424196,Polish,711
kurt0411,26941,114789,2221662,English,220
Herdyn,4254,91098,5639711,Czech,249
Frankkaster,49127,356711,5878239,Spanish,982
SayNoToRage,8014,17619,1552234,English,280
MiltonTPike1,8838,25768,2185519,English,848
H0llyLP,4958,11875,3846703,German,954
MarkitoNavaja,26584,641813,3159593,Spanish,131
RobertoCein,15249,422842,2907888,Spanish,563
KVYZEE,8354,74894,6715483,Russian,260
MarketTradersTV,1357,12081,981536,English,180
Flambass,5507,26918,2319131,English,538
Aa9skillz,11843,142789,2373012,English,598
Limmy,6575,136263,2433739,English,364
SparkofPhoenixTV,15792,195208,3537808,German,460
kyliebitkin,6688,25720,2468122,English,857
CoconutB,4596,62459,2691775,English,368
FanHOTS,2104,27948,2451118,English,453
Pelegrino1993,6236,64799,1772816,Portuguese,785
Killars,4232,15728,1747381,English,782
Weak3n,2922,30028,4780580,English,354
Tourva,5067,182413,7888629,English,732
wintergaming,7019,13900,3609065,English,25
Vicens,30628,724245,4110592,Spanish,659
PainLivestream,15002,81619,2283772,German,267
monkeys_forever,6738,34329,2106144,English,364
Kaydop,23304,117412,3185925,French,893
しゃるる (syaruru3),3710,9684,3022192,Japanese,668
primeleague,19013,71211,5606593,German,794
LRojo_,11178,82320,3959878,Spanish,336
trihex,21721,29678,5777172,English,596
Spaceboy,10590,27050,2614773,English,790
Froggen,10648,31800,3577064,English,677
BotanicX,9135,11512,9335252,Russian,419
dinablin,29316,239896,11129949,Russian,769
RiceGum,29173,388376,2273737,English,955
ipav999,2536,82668,2920832,English,562
Lutti,37121,163441,3727211,French,808
kragiee,6298,65977,3136101,English,484
Puppers,6798,64591,1753517,English,82
Crayator,4911,177501,3865293,English,91
MANvsGAME,5831,2336,2713787,English,896
TheRealMarzaa,12525,258153,2909149,Italian,441
foggedftw2,8622,109500,3438208,English,138
Linkus7,7248,41862,1866513,English,13
Arcadum,13801,78642,2169921,English,955
ImMarksman,11141,152094,1311402,English,426
LightFuryLF,15139,32663,4989684,Thai,248
BarcaGamer,57917,548578,3012949,Spanish,270
EFEUYGAC,14481,297215,5234400,Turkish,244
Xnapycz,4388,44450,4521040,Czech,256
SilentSentry,5572,13533,1896110,English,174
球球 (lilballzlolz),6328,9831,4212219,Chinese,905
DaigoTheBeasTV,27261,42313,4166521,Japanese,876
UncleBjorn,4265,26514,7886426,Russian,929
AnniTheDuck,7894,263210,7336341,German,383
StRoGo,45087,258332,5978117,Russian,871
재슥짱 (pikra10),4659,42516,2973636,Korean,833
貝莉莓 (beryl_lulu),15901,49522,9765341,Chinese,102
purple_hs,5460,18850,1512076,English,832
Harmii,7200,168452,3556031,German,374
Zerkaa,11192,373720,2530852,English,817
iklooode25,42463,354335,1443848,Arabic,100
聶寶 (nielnieh345),5455,18742,4755073,Chinese,84
akagreenn,21136,114861,3514645,Turkish,522
Spraggy,30415,35453,3037728,English,931
TpaBoMaH,6813,85717,7804776,Russian,488
Day9tv,5597,13344,2495558,English,909
Sologesang,5120,26062,4569358,German,63
karavay46,48331,301941,8457221,Russian,721
RaulZitoYT,6545,76729,2725303,Portuguese,887
JonBams,5577,75728,1940922,English,424
Japan_ASMR,496,32649,1272641,Japanese,621
OuterHeaven,6955,7924,1037346,English,464
Yamikazexz,12411,161100,5719244,English,698
aircool,12620,120570,1628826,English,46
Lapi,8684,16992,6792456,French,683
robn_live,73664,63975,1502917,English,389
과로사1 (aram4519),14167,179604,5711063,Korean,309
Ezekiel_III,18804,8969,4018240,English,410
RebeuDeter,24675,194128,2560454,French,554
nookyyy,7393,78987,2481667,German,410
BrookeAB,24357,247335,6936235,English,230
innocents,13654,279080,3488587,English,544
RealKraftyy,19953,21198,4102026,English,567
rhobalas_lol,5224,69851,3011205,French,811
veloxey,8596,180142,1874494,Italian,526
ArQuel,9110,45153,4895500,Polish,432
ElOjoNinja,9339,133594,5226901,Spanish,728
Bamboe,5956,25348,2322578,English,649
Sonecarox,2445,21318,3105118,Portuguese,363
MuTeX,9448,114872,1615269,English,406
RayNarvaezJr,6611,29068,2180691,English,96
Tanovich,10352,219383,3677360,Spanish,389
Zalae,5934,23494,1776974,English,773
KheZu,5322,28840,2671995,English,55
mandiocaa1,9540,29691,2567198,Portuguese,184
스피드소닉 (dragon3652),2379,11620,4618003,Korean,385
RiotGamesOCE,50458,65748,8437414,English,164
Videoyun,8057,85165,8078109,Turkish,139
AlcastHQ,12999,24582,41833833,English,842
julien,15150,177756,4880209,English,225
iGeStarK,12893,231731,2948954,Spanish,628
Ziqoftw,10569,33547,4933908,English,236
CyrusTWO,2727,25277,5787660,Swedish,767
칸데르니아 (jmjdoc),2395,9502,4337476,Korean,111
CouRageJD,72100,120434,2874860,English,800
YoMax,16952,129000,1715466,French,160
JeffHoogland,3375,7290,1965274,English,439
Call of Duty (callofduty),170131,50321,5423366,English,56
GoBGG,4198,37272,5971819,French,28
Wackyjacky101,5981,72794,9213152,English,967
TaKeTV,31809,13033,2855045,German,260
iceiceice,8409,57797,2582911,English,300
StarCraft,56109,22130,4110003,English,550
MadDecentLive,36968,95352,44291541,English,411
WillerZ,24663,68899,2344895,English,390
SoyPan,13884,162018,2167760,Spanish,689
murilo_RT,8185,55939,3070308,Portuguese,93
Multiplayerit,15237,17650,30889814,Italian,830
Markstrom,71423,35277,1829062,English,711
Krayn_Live,4183,20572,4621526,French,263
西門夜說 (westdoor),5363,16908,5018006,Chinese,564
Sintica,8467,110955,7008648,German,381
FantaBobShow,8248,86339,3598696,French,945
ops1x,23490,254190,3050489,English,269
wingz,3940,32924,3057045,Spanish,312
ZLOYn,14155,284221,6731111,Russian,604
HunterGodBr,51612,254260,14078099,Portuguese,59
leplol1,9307,116243,3163399,Portuguese,625
sacy,10692,117190,3590048,Portuguese,651
헤징 (hejin0_0),3032,72192,5800110,Korean,385
Naru,13744,123779,5321664,Turkish,922
Warcraft,51972,31688,6635421,English,168
FlexZ,14278,133959,3254805,Spanish,18
DizzyKitten,10080,54653,8960383,English,890
지수소녀 (wltn4765),9379,68129,6213041,Korean,201
Staryuuki,5530,530306,5418113,Spanish,938
CeMka,18473,22116,4241970,Russian,218
Halifax,12478,52433,2955093,English,974
Bidule,10100,64920,2486535,French,644
Gabi,17866,178648,3821231,Portuguese,434
Hype,10030,101271,6185689,Turkish,611
Gigz,15061,44075,1958787,English,807
매직박 (yagubu),25478,53490,3379601,Korean,770
richwcampbell,34756,57422,3790423,English,376
ESL_CSGO_FR,22857,26073,4124889,French,708
양아지 (dkwl025),6861,114560,4933531,Korean,701
Cizzorz,11782,222573,3095942,English,563
RyuQuezacotl,4022,9884,1867494,English,619
Sigma,81683,54151,1334161,English,832
Robbaz,4938,23827,5009610,English,236
mailand,6867,31605,3923343,German,692
Buozzi,4036,39547,5126434,Portuguese,179
HeyarTV,2343,17695,2506556,French,911
LenaGol0vach,9115,40915,2969471,Russian,84
Sinner666,27996,7101,21322548,Russian,458
TommyKayLIVE,3536,58673,2561302,English,550
TMemoryy,3244,64750,1027960,English,870
Patriota,29435,344213,3707623,Portuguese,613
러너교 (runner0608),17926,58988,4276695,Korean,810
zorlaKOKA,4977,83418,7654224,Portuguese,875
Hitch,3976,30813,1942552,English,218
calango,8380,293608,3292645,Portuguese,376
Adin2Huncho,14502,162642,956614,English,245
SlotRoom247,20609,69113,1338301,German,140
ALLinPav,6221,21360,3156265,English,432
Surefour,7911,46991,2066041,English,536
NumotTheNummy,3359,8045,1530401,English,715
aminematue,16577,123363,2316908,French,323
CallMeCarsonLIVE,61531,732108,3533199,English,338
ZiggyDLive,18437,15899,4249580,English,167
KEEMSTAR,74195,46367,7139253,English,30
크캣66 (crazzyccat),2543,24849,1889696,Korean,27
RelaxBeats,2830,29595,1094850,English,549
LAGTVMaximusBlack,7138,13251,2310313,English,382
Destructoid,14566,8995,87603521,English,257
LITkillah,21359,562691,2162107,Spanish,829
빅헤드 (bighead033),3940,52289,4399897,Korean,424
마스카 (newmasca),6431,-4942,3417970,Korean,656
AndyMilonakis,10543,109111,3926918,English,691
Remx,13788,59432,2049420,French,967
